{
  "name": "Aphrodite",
  "checkpointDialogue": [
    {
      "checkpointNum": 0,
      "dialogue": [
        {
          "id": 0,
          "text": "Hm, are you actually trying to talk to me? Who even are you?",
          "state": "Default",
          "options": [
            {
              "optionText": "Next",
              "link": 1,
              "affectionBonus": 0
            }
          ]
        },
        {
          "id": 1,
          "text": "Oh waaaait a minute, you're that new social media manager aren't you?",
          "state": "Default",
          "options": [
            {
              "optionText": "That's me! Nice to meet you!",
              "link": 2,
              "affectionBonus": 0
            },
            {
              "optionText": "Who else would I be?",
              "link": 3,
              "affectionBonus": 0
            }
          ]
        },
        {
          "id": 2,
          "text": "Ha, don't try to be so peppy with me.",
          "state": "Amused",
          "options": [
            {
              "optionText": "Next",
              "link": 4,
              "affectionBonus": 0
            }
          ]
        },
        {
          "id": 3,
          "text": "Wow, someone's snarky. Try that tone with me again and I'll fire you on the spot.",
          "state": "Mad",
          "options": [
            {
              "optionText": "Next",
              "link": 4,
              "affectionBonus": 0
            }
          ]
        },
        {
          "id": 4,
          "text": "Well, you probably already know who I am. I'm Aphrodite. Yeah, just like the Goddess of Love and Beauty.",
          "state": "Amused",
          "options": [
            {
              "optionText": "Next",
              "link": 5,
              "affectionBonus": 0
            }
          ]
        },
        {
          "id": 5,
          "text": "You've probably seen me around on billboards or whatever. Movies, commercials, modeling - I've done it all.",
          "state": "Amused",
          "options": [
            {
              "optionText": "Next",
              "link": 6,
              "affectionBonus": 0
            }
          ]
        },
        {
          "id": 6,
          "text": "A lowly nobody like yourself should be grateful to be working with me. Try to keep up, will you?",
          "state": "Default",
          "options": [
            {
              "optionText": "Next",
              "link": -1,
              "affectionBonus": 0
            }
          ]
        }
      ]
    },
    {
      "checkpointNum": 1,
      "dialogue": [
        {
          "id": 0,
          "text": "Hm... I guess you aren’t that bad of a person. I hate to admit it, but that was a pretty solid date.",
          "state": "Amused",
          "options": [
            {
              "optionText": "Next",
              "link": 1,
              "affectionBonus": 0
            }
          ]
        },
        {
          "id": 1,
          "text": "I constantly have people fawning over me day and night. It really gets a little tiring...",
          "state": "Default",
          "options": [
            {
              "optionText": "Next",
              "link": 2,
              "affectionBonus": 0
            }
          ]
        },
        {
          "id": 2,
          "text": "It was nice to have a break, get some one-on-one time. Thanks.",
          "state": "Happy",
          "options": [
            {
              "optionText": "Next",
              "link": -1,
              "affectionBonus": 0
            }
          ]
        }
      ]
    },
    {
      "checkpointNum": 2,
      "dialogue": [
        {
          "id": 0,
          "text": "Ok, ok! I’ll accept you as a friend! But like, that really doesn’t mean too much to me.",
          "state": "Default",
          "options": [
            {
              "optionText": "Next",
              "link": 1,
              "affectionBonus": 0
            }
          ]
        },
        {
          "id": 1,
          "text": "I have so many friends and followers that honestly, I might forget about you.",
          "state": "Amused",
          "options": [
            {
              "optionText": "Next",
              "link": 2,
              "affectionBonus": 0
            }
          ]
        },
        {
          "id": 2,
          "text": "By the way, weren't you supposed to meet up with Ares too?",
          "state": "Default",
          "options": [
            {
              "optionText": "Next",
              "link": 3,
              "affectionBonus": 0
            }
          ]
        },
        {
          "id": 3,
          "text": "That guy's probably at the gym or something. All he talks about are his muscles.",
          "state": "Default",
          "options": [
            {
              "optionText": "Next",
              "link": 4,
              "affectionBonus": 0
            }
          ]
        },
        {
          "id": 4,
          "text": "Well, if you haven't met him yet, his contact should be in your phone.",
          "state": "Default",
          "options": [
            {
              "optionText": "Next",
              "link": -1,
              "affectionBonus": 0
            }
          ]
        }
      ]
    },
    {
      "checkpointNum": 3,
      "dialogue": [
        {
          "id": 0,
          "text": "Nice job on the recent post! You're actually getting pretty good at this.",
          "state": "Amused",
          "options": [
            {
              "optionText": "Next",
              "link": 1,
              "affectionBonus": 0
            }
          ]
        },
        {
          "id": 1,
          "text": "Hey, you're actually really nice to talk to. I really apprecate you keeping me company.",
          "state": "Happy",
          "options": [
            {
              "optionText": "Next",
              "link": 2,
              "affectionBonus": 0
            }
          ]
        },
        {
          "id": 2,
          "text": "Oh, here's my personal number. Hit me up whenever - I consider myself as a very responsive person.",
          "state": "Default",
          "options": [
            {
              "optionText": "Next",
              "link": -1,
              "affectionBonus": 0
            }
          ]
        }
      ]
    },
    {
      "checkpointNum": 4,
      "dialogue": [
        {
          "id": 0,
          "text": "Wow, for someone who spends all their time with me, you got some moves!",
          "state": "Amused",
          "options": [
            {
              "optionText": "Next",
              "link": 1,
              "affectionBonus": 0
            }
          ]
        },
        {
          "id": 1,
          "text": "But in all honesty, I really liked that date. We should go more often!",
          "state": "Happy",
          "options": [
            {
              "optionText": "Next",
              "link": -1,
              "affectionBonus": 0
            }
          ]
        }
      ]
    },
    {
      "checkpointNum": 5,
      "dialogue": [
        {
          "id": 0,
          "text": "I guess I haven’t really been honest with my feelings before.",
          "state": "Amused",
          "options": [
            {
              "optionText": "Next",
              "link": 1,
              "affectionBonus": 0
            }
          ]
        },
        {
          "id": 1,
          "text": "I see you as more than just a friend, and hope that you feel the same way.",
          "state": "Happy",
          "options": [
            {
              "optionText": "Next",
              "link": -1,
              "affectionBonus": 0
            }
          ]
        }
      ]
    }
  ],
  "conversationDialogue": [
    {
      "dialogue": [
        {
          "id": 0,
          "text": "What kind of food do you like?",
          "state": "Default",
          "options": [
            {
              "optionText": "Definitely pizza",
              "link": 1,
              "affectionBonus": -10
            },
            {
              "optionText": "Desserts are my vice",
              "link": 2,
              "affectionBonus": 10
            },
            {
              "optionText": "I enjoy a good spinach smoothie",
              "link": 3,
              "affectionBonus": 5
            }
          ]
        },
        {
          "id": 1,
          "text": "Ugh, those oily things? Do you even care about your health?",
          "state": "Default",
          "options": [
            {
              "optionText": "Next",
              "link": -1,
              "affectionBonus": 0
            }
          ]
        },
        {
          "id": 2,
          "text": "Yes! I'm definitely a sucker for sweets",
          "state": "Happy",
          "options": [
            {
              "optionText": "Next",
              "link": -1,
              "affectionBonus": 0
            }
          ]
        },
        {
          "id": 3,
          "text": "Glad to hear someone around here actually cares for their health.",
          "state": "Amused",
          "options": [
            {
              "optionText": "Next",
              "link": -1,
              "affectionBonus": 0
            }
          ]
        }
      ]
    },
    {
      "dialogue": [
        {
          "id": 0,
          "text": "Let's play a guessing game - what's my favorite fruit?",
          "state": "Default",
          "options": [
            {
              "optionText": "I'm gonna Go with ManGos",
              "link": 1,
              "affectionBonus": 5
            },
            {
              "optionText": "Apples? Red and delicious, just like you!",
              "link": 2,
              "affectionBonus": -5
            },
            {
              "optionText": "Well, it would apPear to be pears!",
              "link": 3,
              "affectionBonus": -5
            }
          ]
        },
        {
          "id": 1,
          "text": "Ding ding ding, we've got the winner! Well, if you can ignore that abhorrent pun.",
          "state": "Amused",
          "options": [
            {
              "optionText": "Next",
              "link": -1,
              "affectionBonus": 0
            }
          ]
        },
        {
          "id": 2,
          "text": "Ha ha, as if I haven't heard that one before. No points for correctness, nor for your lack of charm.",
          "state": "Mad",
          "options": [
            {
              "optionText": "Next",
              "link": -1,
              "affectionBonus": 0
            }
          ]
        },
        {
          "id": 3,
          "text": "Ugh, could you have picked a worse fruit?",
          "state": "Default",
          "options": [
            {
              "optionText": "Next",
              "link": -1,
              "affectionBonus": 0
            }
          ]
        }
      ]
    },
    {
      "dialogue": [
        {
          "id": 0,
          "text": "Hm, I want to watch a movie this weekend but I’m not sure what to watch... Have any good recommendations?",
          "state": "Default",
          "options": [
            {
              "optionText": "Dumb and Dumber",
              "link": 1,
              "affectionBonus": 10
            },
            {
              "optionText": "The Exorcist",
              "link": 2,
              "affectionBonus": -10
            },
            {
              "optionText": "1917",
              "link": 3,
              "affectionBonus": 5
            }
          ]
        },
        {
          "id": 1,
          "text": "What do you take me for, a fool? Well, I suppose I do enjoy a good comedy.",
          "state": "Amused",
          "options": [
            {
              "optionText": "Next",
              "link": -1,
              "affectionBonus": 0
            }
          ]
        },
        {
          "id": 2,
          "text": "Maybe watching that will teach me how to deal with my demons. And by that, I mean you.",
          "state": "Mad",
          "options": [
            {
              "optionText": "Next",
              "link": -1,
              "affectionBonus": 0
            }
          ]
        },
        {
          "id": 3,
          "text": "Ah yes, a classic. Well... perhaps.",
          "state": "Default",
          "options": [
            {
              "optionText": "Next",
              "link": -1,
              "affectionBonus": 0
            }
          ]
        }
      ]
    },
    {
      "dialogue": [
        {
          "id": 0,
          "text": "I heard you started helping Ares with his social media. Did he tell you any of his secrets?",
          "state": "Default",
          "options": [
            {
              "optionText": "Nothing",
              "link": 1,
              "affectionBonus": -5
            },
            {
              "optionText": "He hides his natural hair color",
              "link": 2,
              "affectionBonus": 5
            },
            {
              "optionText": "He doesn't flush the toilet at your house",
              "link": 3,
              "affectionBonus": -10
            }
          ]
        },
        {
          "id": 1,
          "text": "I see. So that's where your loyalties lie.",
          "state": "Default",
          "options": [
            {
              "optionText": "Next",
              "link": -1,
              "affectionBonus": 0
            }
          ]
        },
        {
          "id": 2,
          "text": "You're joking!! I mean, his hair did always seem too good to be true... This is huge news!",
          "state": "Amused",
          "options": [
            {
              "optionText": "Next",
              "link": -1,
              "affectionBonus": 0
            }
          ]
        },
        {
          "id": 3,
          "text": "That... I... I don't know if I'm angrier at him for doing it or for telling you of all people.",
          "state": "Mad",
          "options": [
            {
              "optionText": "Next",
              "link": -1,
              "affectionBonus": 0
            }
          ]
        }
      ]
    },
    {
      "dialogue": [
        {
          "id": 0,
          "text": "I might go to the hair salon later this week. What hair color do you think would make me look good?",
          "state": "Default",
          "options": [
            {
              "optionText": "Strawberry Blonde",
              "link": 1,
              "affectionBonus": 5
            },
            {
              "optionText": "Neon Green",
              "link": 2,
              "affectionBonus": -10
            },
            {
              "optionText": "Black",
              "link": 3,
              "affectionBonus": -5
            }
          ]
        },
        {
          "id": 1,
          "text": "Keep it simple hm? That sounds like a good plan.",
          "state": "Amused",
          "options": [
            {
              "optionText": "Next",
              "link": -1,
              "affectionBonus": 0
            }
          ]
        },
        {
          "id": 2,
          "text": "Ugh, what am I, some kind of anime character?",
          "state": "Mad",
          "options": [
            {
              "optionText": "Next",
              "link": -1,
              "affectionBonus": 0
            }
          ]
        },
        {
          "id": 3,
          "text": "Black is so basic and emo! Be more creative, will you?",
          "state": "Default",
          "options": [
            {
              "optionText": "Next",
              "link": -1,
              "affectionBonus": 0
            }
          ]
        }
      ]
    },
    {
      "dialogue": [
        {
          "id": 0,
          "text": "I watched a really cool movie about outer space last night. Which is your favorite planet?",
          "state": "Default",
          "options": [
            {
              "optionText": "Neptune",
              "link": 1,
              "affectionBonus": -5
            },
            {
              "optionText": "Mars",
              "link": 2,
              "affectionBonus": 5
            },
            {
              "optionText": "Venus",
              "link": 3,
              "affectionBonus": 10
            }
          ]
        },
        {
          "id": 1,
          "text": "I don't know... Neptune seems really blue and dull.",
          "state": "Default",
          "options": [
            {
              "optionText": "Next",
              "link": -1,
              "affectionBonus": 0
            }
          ]
        },
        {
          "id": 2,
          "text": "Mars, hm? Interesting. I suppose that's a suitable option - for you, at least.",
          "state": "Amused",
          "options": [
            {
              "optionText": "Next",
              "link": -1,
              "affectionBonus": 0
            }
          ]
        },
        {
          "id": 3,
          "text": "Definitely agree 100%! How does the saying go... girls are from Venus, no?",
          "state": "Happy",
          "options": [
            {
              "optionText": "Next",
              "link": -1,
              "affectionBonus": 0
            }
          ]
        }
      ]
    },
    {
      "dialogue": [
        {
          "id": 0,
          "text": "Sigh, Hermes challenged me to a phone texting race and I totally lost. Do you think you can beat him for me?",
          "state": "Default",
          "options": [
            {
              "optionText": "I got this - hand it over!",
              "link": 1,
              "affectionBonus": 10
            },
            {
              "optionText": "Uh... I can give it a shot?",
              "link": 2,
              "affectionBonus": 5
            },
            {
              "optionText": "Not a chance!",
              "link": 3,
              "affectionBonus": -10
            }
          ]
        },
        {
          "id": 1,
          "text": "Oh...my...gods! I've never seen someone type so fast. You're gonna give Hermes a run for his money!",
          "state": "Happy",
          "options": [
            {
              "optionText": "Next",
              "link": -1,
              "affectionBonus": 0
            }
          ]
        },
        {
          "id": 2,
          "text": "Hmm... you type fast, but definitely not fast enough.",
          "state": "Amused",
          "options": [
            {
              "optionText": "Next",
              "link": -1,
              "affectionBonus": 0
            }
          ]
        },
        {
          "id": 3,
          "text": "Not even giving it a try? Lame.",
          "state": "Default",
          "options": [
            {
              "optionText": "Next",
              "link": -1,
              "affectionBonus": 0
            }
          ]
        }
      ]
    },
    {
      "dialogue": [
        {
          "id": 0,
          "text": "Gamazon has these cute animal pajamas. Which one do you think is the cutest?",
          "state": "Default",
          "options": [
            {
              "optionText": "Elephant",
              "link": 1,
              "affectionBonus": -10
            },
            {
              "optionText": "Dolphin",
              "link": 2,
              "affectionBonus": 10
            },
            {
              "optionText": "Bear",
              "link": 3,
              "affectionBonus": 5
            }
          ]
        },
        {
          "id": 1,
          "text": "Seriously? Elephants aren't even cute. They're large and slow and kinda gross...",
          "state": "Mad",
          "options": [
            {
              "optionText": "Next",
              "link": -1,
              "affectionBonus": 0
            }
          ]
        },
        {
          "id": 2,
          "text": "An animal that's cute, smart, and able to swim? You flatter me.",
          "state": "Happy",
          "options": [
            {
              "optionText": "Next",
              "link": -1,
              "affectionBonus": 0
            }
          ]
        },
        {
          "id": 3,
          "text": "Good choice. But I swear, if you try to call me 'Teddie', we're through.",
          "state": "Amused",
          "options": [
            {
              "optionText": "Next",
              "link": -1,
              "affectionBonus": 0
            }
          ]
        }
      ]
    },
    {
      "dialogue": [
        {
          "id": 0,
          "text": "I think I should change my phone to take better pictures, but I don’t know which brand I should buy from...",
          "state": "Default",
          "options": [
            {
              "optionText": "Two Plus",
              "link": 1,
              "affectionBonus": 10
            },
            {
              "optionText": "Bapple",
              "link": 2,
              "affectionBonus": 5
            },
            {
              "optionText": "Doogle",
              "link": 3,
              "affectionBonus": -5
            }
          ]
        },
        {
          "id": 1,
          "text": "Ooo, I did hear that their newest phone just dropped. I'll have to check that out!",
          "state": "Happy",
          "options": [
            {
              "optionText": "Next",
              "link": -1,
              "affectionBonus": 0
            }
          ]
        },
        {
          "id": 2,
          "text": "Hm, but I already have their latest phone. Guess I'll have to wait for the next one.",
          "state": "Default",
          "options": [
            {
              "optionText": "Next",
              "link": -1,
              "affectionBonus": 0
            }
          ]
        },
        {
          "id": 3,
          "text": "I... Doogle? The search engine? Do they even sell phones?",
          "state": "Default",
          "options": [
            {
              "optionText": "Next",
              "link": -1,
              "affectionBonus": 0
            }
          ]
        }
      ]
    },
    {
      "dialogue": [
        {
          "id": 0,
          "text": "My friends are taking me to the amusement park next week. What’s your favorite thing to do there?",
          "state": "Default",
          "options": [
            {
              "optionText": "Definitely rollercoasters",
              "link": 1,
              "affectionBonus": 0
            },
            {
              "optionText": "Gotta be the food",
              "link": 1,
              "affectionBonus": 0
            },
            {
              "optionText": "Going on the ferris wheel!",
              "link": 1,
              "affectionBonus": 0
            }
          ]
        },
        {
          "id": 1,
          "text": "Not a bad idea, but I feel like it’ll get boring after some time. I want to go back home, but I don’t want my friends to think I don’t like them...",
          "state": "Default",
          "options": [
            {
              "optionText": "Just suck it up",
              "link": 2,
              "affectionBonus": -10
            },
            {
              "optionText": "Fake a stomachache",
              "link": 3,
              "affectionBonus": -5
            },
            {
              "optionText": "Sneak away like a ninja",
              "link": 4,
              "affectionBonus": 5
            }
          ]
        },
        {
          "id": 2,
          "text": "What? Are you even listening to me? That's the worst idea ever.",
          "state": "Mad",
          "options": [
            {
              "optionText": "Next",
              "link": -1,
              "affectionBonus": 0
            }
          ]
        },
        {
          "id": 3,
          "text": "Wouldn’t that just make a big scene? I don't want to make a big deal out of it...",
          "state": "Default",
          "options": [
            {
              "optionText": "Next",
              "link": -1,
              "affectionBonus": 0
            }
          ]
        },
        {
          "id": 4,
          "text": "Ha, like a ninja you say? Seems like a pain... but I'll give it a shot.",
          "state": "Amused",
          "options": [
            {
              "optionText": "Next",
              "link": -1,
              "affectionBonus": 0
            }
          ]
        }
      ]
    },
    {
      "dialogue": [
        {
          "id": 0,
          "text": "Hmm, I think I’ve recently been losing some followers. How can I get them back?",
          "state": "Default",
          "options": [
            {
              "optionText": "Make a food instagram",
              "link": 1,
              "affectionBonus": 0
            },
            {
              "optionText": "Post some fun pictures",
              "link": 2,
              "affectionBonus": 0
            },
            {
              "optionText": "Reply to more fans!",
              "link": 3,
              "affectionBonus": 0
            }
          ]
        },
        {
          "id": 1,
          "text": "Uh... what do you mean by that?",
          "state": "Default",
          "options": [
            {
              "optionText": "Post your home-made pasta",
              "link": 4,
              "affectionBonus": 5
            },
            {
              "optionText": "Post the leftover pizza you ordered last night",
              "link": 5,
              "affectionBonus": -5
            }
          ]
        },
        {
          "id": 2,
          "text": "Uh... what do you mean by that?",
          "state": "Default",
          "options": [
            {
              "optionText": "Post a selfie of yourself at a park",
              "link": 4,
              "affectionBonus": 5
            },
            {
              "optionText": "Post a selfie with triple chin",
              "link": 5,
              "affectionBonus": -5
            }
          ]
        },
        {
          "id": 3,
          "text": "Uh... what do you mean by that?",
          "state": "Default",
          "options": [
            {
              "optionText": "Write some positive comments",
              "link": 4,
              "affectionBonus": 5
            },
            {
              "optionText": "Write some defensive comments",
              "link": 5,
              "affectionBonus": -5
            }
          ]
        },
        {
          "id": 4,
          "text": "Hm, that might be pretty good. I’ll give it a shot! Don’t expect any credit though",
          "state": "Amused",
          "options": [
            {
              "optionText": "Next",
              "link": -1,
              "affectionBonus": 0
            }
          ]
        },
        {
          "id": 5,
          "text": "Ugh, what kind of idea is that? That’s definitely a big no from me, I’d just lose more followers.",
          "state": "Mad",
          "options": [
            {
              "optionText": "Next",
              "link": -1,
              "affectionBonus": 0
            }
          ]
        }
      ]
    },
    {
      "dialogue": [
        {
          "id": 0,
          "text": "Hey, random thought. If you could be me for one day, what’s the first thing you would do?",
          "state": "Default",
          "options": [
            {
              "optionText": "Buy an expensive car",
              "link": 1,
              "affectionBonus": 0
            },
            {
              "optionText": "Hang out with your friends",
              "link": 1,
              "affectionBonus": 0
            },
            {
              "optionText": "Troll around on Instagram",
              "link": 1,
              "affectionBonus": 0
            }
          ]
        },
        {
          "id": 1,
          "text": "Why would you do that, are you trying to mess with my life?!",
          "state": "Default",
          "options": [
            {
              "optionText": "Hell yeah I am",
              "link": 2,
              "affectionBonus": -10
            },
            {
              "optionText": "You’re the one who asked!",
              "link": 3,
              "affectionBonus": -5
            },
            {
              "optionText": "I'm just jesting around!",
              "link": 4,
              "affectionBonus": 5
            }
          ]
        },
        {
          "id": 2,
          "text": "Gods, I'll keep in mind to never let you anywhere near my stuff.",
          "state": "Mad",
          "options": [
            {
              "optionText": "Next",
              "link": -1,
              "affectionBonus": 0
            }
          ]
        },
        {
          "id": 3,
          "text": "Hey, who said you could be cranky with me?",
          "state": "Mad",
          "options": [
            {
              "optionText": "Next",
              "link": -1,
              "affectionBonus": 0
            }
          ]
        },
        {
          "id": 4,
          "text": "You better be joking! Or you'll be sorry...",
          "state": "Amused",
          "options": [
            {
              "optionText": "Next",
              "link": -1,
              "affectionBonus": 0
            }
          ]
        }
      ]
    },
    {
      "dialogue": [
        {
          "id": 0,
          "text": "Hmmm, have you ever been in love with someone?",
          "state": "Default",
          "options": [
            {
              "optionText": "Yes",
              "link": 1,
              "affectionBonus": 0
            },
            {
              "optionText": "No",
              "link": 2,
              "affectionBonus": 0
            }
          ]
        },
        {
          "id": 1,
          "text": "Awww really? Tell me more!",
          "state": "Amused",
          "options": [
            {
              "optionText": "I was seeing someone in college but we broke up",
              "link": 3,
              "affectionBonus": -5
            },
            {
              "optionText": "If you're asking... I'm in love with you",
              "link": 4,
              "affectionBonus": 10
            }
          ]
        },
        {
          "id": 2,
          "text": "Really?! That's surprising. Why not?",
          "state": "Amused",
          "options": [
            {
              "optionText": "I only love myself",
              "link": 3,
              "affectionBonus": -10
            },
            {
              "optionText": "Well, that was before I met you",
              "link": 4,
              "affectionBonus": 10
            }
          ]
        },
        {
          "id": 3,
          "text": "Oh. That's... great.",
          "state": "Default",
          "options": [
            {
              "optionText": "Next",
              "link": -1,
              "affectionBonus": 0
            }
          ]
        },
        {
          "id": 4,
          "text": "...Hey. We've got a smooth-talker here, don't we?",
          "state": "Happy",
          "options": [
            {
              "optionText": "Next",
              "link": -1,
              "affectionBonus": 0
            }
          ]
        }
      ]
    },
    {
      "dialogue": [
        {
          "id": 0,
          "text": "Hm, you've got something to ask me?",
          "state": "Default",
          "options": [
            {
              "optionText": "What's your favorite beverage?",
              "link": 1,
              "affectionBonus": 0
            },
            {
              "optionText": "What's your favorite mall activity?",
              "link": 4,
              "affectionBonus": 0
            },
            {
              "optionText": "What's your favorite music genre?",
              "link": 8,
              "affectionBonus": 0
            }
          ]
        },
        {
          "id": 1,
          "text": "I like to drink sweet tea - it helps me relax when I’m super stressed out. What’s your favorite?",
          "state": "Amused",
          "options": [
            {
              "optionText": "Bubble milk tea",
              "link": 2,
              "affectionBonus": 5
            },
            {
              "optionText": "Kale smoothie",
              "link": 3,
              "affectionBonus": -5
            }
          ]
        },
        {
          "id": 2,
          "text": "Ooo, that’s also a good one. You should come get boba with Artemis and me sometime!",
          "state": "Happy",
          "options": [
            {
              "optionText": "Next",
              "link": -1,
              "affectionBonus": 0
            }
          ]
        },
        {
          "id": 3,
          "text": "Kale?! Eww, are you a cow or something?",
          "state": "Default",
          "options": [
            {
              "optionText": "Next",
              "link": -1,
              "affectionBonus": 0
            }
          ]
        },
        {
          "id": 4,
          "text": "Oh my gods, I love the mall! I go, like, three times every week!",
          "state": "Happy",
          "options": [
            {
              "optionText": "Next",
              "link": 5,
              "affectionBonus": 0
            }
          ]
        },
        {
          "id": 5,
          "text": "Buying clothes is my favorite thing to do. How about you?",
          "state": "Amused",
          "options": [
            {
              "optionText": "Browsing Lego stores",
              "link": 6,
              "affectionBonus": -5
            },
            {
              "optionText": "Eating at food court",
              "link": 7,
              "affectionBonus": 5
            }
          ]
        },
        {
          "id": 6,
          "text": "Are those the... tiny brick things? Eh, I don't get what's so great about them.",
          "state": "Default",
          "options": [
            {
              "optionText": "Next",
              "link": -1,
              "affectionBonus": 0
            }
          ]
        },
        {
          "id": 7,
          "text": "Same! Their food is sooo delicious - and most importantly, I can get all the desserts I want!",
          "state": "Happy",
          "options": [
            {
              "optionText": "Next",
              "link": -1,
              "affectionBonus": 0
            }
          ]
        },
        {
          "id": 8,
          "text": "I just like the mainstream R&B or Pop. What kind do you listen to?",
          "state": "Amused",
          "options": [
            {
              "optionText": "I also like pop!",
              "link": 9,
              "affectionBonus": 10
            },
            {
              "optionText": "I only listen to obscure OST",
              "link": 10,
              "affectionBonus": 5
            },
            {
              "optionText": "It's gotta be screamo",
              "link": 11,
              "affectionBonus": -5
            }
          ]
        },
        {
          "id": 9,
          "text": "Really? You should send me some recs later! I've been totally hooked on Muses 5.",
          "state": "Happy",
          "options": [
            {
              "optionText": "Next",
              "link": -1,
              "affectionBonus": 0
            }
          ]
        },
        {
          "id": 10,
          "text": "Haha! That’s kind of weird, but okay",
          "state": "Amused",
          "options": [
            {
              "optionText": "Next",
              "link": -1,
              "affectionBonus": 0
            }
          ]
        },
        {
          "id": 11,
          "text": "Is that the weird emo screaming thing? I feel like only Hades would listen to something as weird as that...",
          "state": "Default",
          "options": [
            {
              "optionText": "Next",
              "link": -1,
              "affectionBonus": 0
            }
          ]
        }
      ]
    }
  ],
  "greetDialogue": [
    {
      "dialogue": [
        {
          "id": 0,
          "text": "Back already? I have a busy life so try to get to the point.",
          "state": "Default",
          "options": [
            {
              "optionText": "Next",
              "link": -1,
              "affectionBonus": 0
            }
          ]
        }
      ]
    }
  ],
  "dateDialogue": [
    {
      "dialogue": [
        {
          "id": 0,
          "text": "You want to go on a date with me? Sure, but it better be worth my time.",
          "state": "Amused",
          "options": [
            {
              "optionText": "Next",
              "link": -1,
              "affectionBonus": 0
            }
          ]
        }
      ]
    }
  ],
  "failDateDialogue": [
    {
      "dialogue": [
        {
          "id": 0,
          "text": "Did you really think you were good enough? Keep dreaming.",
          "state": "Default",
          "options": [
            {
              "optionText": "Next",
              "link": -1,
              "affectionBonus": 0
            }
          ]
        }
      ]
    },
    {
      "dialogue": [
        {
          "id": 0,
          "text": "Ugh, I feel way too embarrassed to even stand near you! Let’s not go out again.",
          "state": "Mad",
          "options": [
            {
              "optionText": "Next",
              "link": -1,
              "affectionBonus": 0
            }
          ]
        }
      ]
    },
    {
      "dialogue": [
        {
          "id": 0,
          "text": "That wasn’t fun at all, I’d rather go out with a 100 year old turtle",
          "state": "Default",
          "options": [
            {
              "optionText": "Next",
              "link": -1,
              "affectionBonus": 0
            }
          ]
        }
      ]
    }
  ], 
  "postDialogue": [
    {
      "dialogue": [
        {
          "id": 0,
          "text": "Another Instagram post? Let's do it then.",
          "state": "Default",
          "options": [
            {
              "optionText": "Next",
              "link": -1,
              "affectionBonus": 0
            }
          ]
        }
      ]
    }
  ],
  "badPostDialogue": [
    {
      "dialogue": [
        {
          "id": 0,
          "text": "Gods, what even was that? I've never seen a more disappointing post.",
          "state": "Mad",
          "options": [
            {
              "optionText": "Next",
              "link": -1,
              "affectionBonus": 0
            }
          ]
        }
      ]
    },
    {
      "dialogue": [
        {
          "id": 0,
          "text": "What is this?! Are you trying to make me lose followers?",
          "state": "Mad",
          "options": [
            {
              "optionText": "Next",
              "link": -1,
              "affectionBonus": 0
            }
          ]
        }
      ]
    }
  ],
  "okPostDialogue": [
    {
      "dialogue": [
        {
          "id": 0,
          "text": "Not your best work but... I guess I can live with it",
          "state": "Default",
          "options": [
            {
              "optionText": "Next",
              "link": -1,
              "affectionBonus": 0
            }
          ]
        }
      ]
    },
    {
      "dialogue": [
        {
          "id": 0,
          "text": "Not bad... for someone like you, I mean.",
          "state": "Default",
          "options": [
            {
              "optionText": "Next",
              "link": -1,
              "affectionBonus": 0
            }
          ]
        }
      ]
    }
  ],
  "goodPostDialogue": [
    {
      "dialogue": [
        {
          "id": 0,
          "text": "Oh. My. Gods. That was the most amazing thing I've ever seen! Are you some kind of wizard?",
          "state": "Happy",
          "options": [
            {
              "optionText": "Next",
              "link": -1,
              "affectionBonus": 0
            }
          ]
        }
      ]
    },
    {
      "dialogue": [
        {
          "id": 0,
          "text": "Hmm, I'll admit this is a pretty nice one. I guess miracles really do exist.",
          "state": "Amused",
          "options": [
            {
              "optionText": "Next",
              "link": -1,
              "affectionBonus": 0
            }
          ]
        }
      ]
    }
  ],
  "insufficientAffectionDialogue": [
    {
      "dialogue": [
        {
          "id": 0,
          "text": "I definitely do not know you well enough for a date.",
          "state": "Default",
          "options": [
            {
              "optionText": "Next",
              "link": -1,
              "affectionBonus": 0
            }
          ]
        }
      ]
    }
  ],
  "insufficientFollowersDialogue": [
    {
      "dialogue": [
        {
          "id": 0,
          "text": "Hey, you're my manager, not my boyfriend! Get me more followers, then we'll talk.",
          "state": "Default",
          "options": [
            {
              "optionText": "Next",
              "link": -1,
              "affectionBonus": 0
            }
          ]
        }
      ]
    }
  ],
  "hatedDialogue": [
    {
      "dialogue": [
        {
          "id": 0,
          "text": "Ugh, you're literally the worst person I've ever met. Never talk to me. Ever. Again.",
          "state": "Default",
          "options": [
            {
              "optionText": "Next",
              "link": -1,
              "affectionBonus": 0
            }
          ]
        }
      ]
    }
  ]
}
