{
  "name": "Ares",
  "checkpointDialogue": [
    {
      "checkpointNum": 0,
      "dialogue": [
        {
          "id": 0,
          "text": "Gah! W-Who are you? Why did you approach me?!",
          "state": "Surprised",
          "options": [
            {
              "optionText": "Next",
              "link": 1,
              "affectionBonus": 0
            }
          ]
        },
        {
          "id": 1,
          "text": "Are... you here for an autograph? Sorry, I don't do that for just anybody.",
          "state": "Default",
          "options": [
            {
              "optionText": "Next",
              "link": 2,
              "affectionBonus": 0 
            }
          ]
        },
        {
          "id": 2,
          "text": "Pause. Are you that person who’s in charge of social media or whatever?",
          "state": "Default",
          "options": [
            {
              "optionText": "Yeah, that's me!",
              "link": 3,
              "affectionBonus": 0 
            },
            {
              "optionText": "I mean like... who else would I be?",
              "link": 4,
              "affectionBonus": 0 
            }
          ]
        },
        {
          "id": 3,
          "text": "Ayyy I thought so!",
          "state": "Amused",
          "options": [
            {
              "optionText": "Next",
              "link": 5,
              "affectionBonus": 0 
            }
          ]
        },
        {
          "id": 4,
          "text": "Woah, no need to get snarky with me!",
          "state": "Mad",
          "options": [
            {
              "optionText": "Next",
              "link": 5,
              "affectionBonus": 0 
            }
          ]
        },
        {
          "id": 5,
          "text": "Well 'sup! I'm Ares. Yeah, like the god of war. I’ve heard all the references already.",
          "state": "Amused",
          "options": [
            {
              "optionText": "Next",
              "link": 6,
              "affectionBonus": 0 
            }
          ]
        },
        {
          "id": 6,
          "text": "I’ve still got reps to finish here soooo try not to get in my way.",
          "state": "Amused",
          "options": [
            {
              "optionText": "Next",
              "link": -1,
              "affectionBonus": 0 
            }
          ]
        }
      ]
    },
    {
      "checkpointNum": 1,
      "dialogue": [
        {
          "id": 0,
          "text": "You’re not that bad... I guess.",
          "state": "Amused",
          "options": [
            {
              "optionText": "Next",
              "link": -1,
              "affectionBonus": 0
            }
          ]
        }
      ]
    },
    {
      "checkpointNum": 2,
      "dialogue": [
        {
          "id": 0,
          "text": "Hey. I had fun there. I suppose I wouldn’t be opposed to spending more time together.",
          "state": "Happy",
          "options": [
            {
              "optionText": "Next",
              "link": -1,
              "affectionBonus": 0
            }
          ]
        }
      ]
    },
    {
      "checkpointNum": 3,
      "dialogue": [
        {
          "id": 0,
          "text": "Okay, I think I’m starting to get to know you better. Maybe we can talk more sometime.",
          "state": "Happy",
          "options": [
            {
              "optionText": "Next",
              "link": -1,
              "affectionBonus": 0
            }
          ]
        }
      ]
    },
    {
      "checkpointNum": 4,
      "dialogue": [
        {
          "id": 0,
          "text": "Don’t take this the wrong way, but our last date wasn’t too boring.",
          "state": "Default",
          "options": [
            {
              "optionText": "Next",
              "link": 1,
              "affectionBonus": 0
            }
          ]
        },
        {
          "id": 1,
          "text": "If you're not too busy... I wouldn’t mind going out again sometime",
          "state": "Default",
          "options": [
            {
              "optionText": "Next",
              "link": -1,
              "affectionBonus": 0
            }
          ]
        }
      ]
    },
    {
      "checkpointNum": 5,
      "dialogue": [
        {
          "id": 0,
          "text": "This is hard for me to say... but I can't seem to get you out of my mind. Do you feel the same way?",
          "state": "Default",
          "options": [
            {
              "optionText": "Next",
              "link": 1,
              "affectionBonus": 0
            }
          ]
        }
      ]
    }
  ],
  "conversationDialogue": [
    {
      "dialogue": [
        {
          "id": 0,
          "text": "I’m feeling kind of thirsty...",
          "state": "Default",
          "options": [
            {
              "optionText": "Let me get you some water!",
              "link": 1,
              "affectionBonus": 10
            },
            {
              "optionText": "Your water is over there",
              "link": 2,
              "affectionBonus": -5
            },
            {
              "optionText": "For me? ;)",
              "link": 3,
              "affectionBonus": -10
            }
          ]
        },
        {
          "id": 1,
          "text": "I uh... you really didn't have to do that. Thanks.",
          "state": "Happy",
          "options": [
            {
              "optionText": "Next",
              "link": -1,
              "affectionBonus": 0
            }
          ]
        },
        {
          "id": 2,
          "text": "Wow gee, thanks. It's not like I have eyes or anything.",
          "state": "Default",
          "options": [
            {
              "optionText": "Next",
              "link": -1,
              "affectionBonus": 0
            }
          ]
        },
        {
          "id": 3,
          "text": "Hey, cool it hotshot. No one likes a tryhard.",
          "state": "Mad",
          "options": [
            {
              "optionText": "Next",
              "link": -1,
              "affectionBonus": 0
            }
          ]
        }
      ]
    },
    {
      "dialogue": [
        {
          "id": 0,
          "text": "Hey, have you been to this gym before?",
          "state": "Default",
          "options": [
            {
              "optionText": "Yes, multiple times!",
              "link": 1,
              "affectionBonus": 10
            },
            {
              "optionText": "I haven't had the chance to",
              "link": 2,
              "affectionBonus": -5
            },
            {
              "optionText": "I don’t like this place",
              "link": 3,
              "affectionBonus": -10
            }
          ]
        },
        {
          "id": 1,
          "text": "Ayyy, glad to hear someone cares about their well-being. We should do a work-out together!",
          "state": "Amused",
          "options": [
            {
              "optionText": "Next",
              "link": -1,
              "affectionBonus": 0
            }
          ]
        },
        {
          "id": 2,
          "text": "Well that's kinda disappointing. You should get out more.",
          "state": "Default",
          "options": [
            {
              "optionText": "Next",
              "link": -1,
              "affectionBonus": 0
            }
          ]
        },
        {
          "id": 3,
          "text": "Woah. What kind of person doesn't like the gym? Jeez.",
          "state": "Default",
          "options": [
            {
              "optionText": "Next",
              "link": -1,
              "affectionBonus": 0
            }
          ]
        }
      ]
    },
    {
      "dialogue": [
        {
          "id": 0,
          "text": "I’m feeling kind of hungry...",
          "state": "Default",
          "options": [
            {
              "optionText": "Do you want to get some Roots?",
              "link": 1,
              "affectionBonus": 5
            },
            {
              "optionText": "Let’s go grab a burger!",
              "link": 2,
              "affectionBonus": 5
            },
            {
              "optionText": "You want a snack? Here I am :)",
              "link": 3,
              "affectionBonus": -10
            }
          ]
        },
        {
          "id": 1,
          "text": "Did you say Roots? Healthy, yummy, and easily accessible? Sign me right up!",
          "state": "Happy",
          "options": [
            {
              "optionText": "Next",
              "link": -1,
              "affectionBonus": 0
            }
          ]
        },
        {
          "id": 2,
          "text": "Mmm, I could definitely go for some buns and a milkshake right now...",
          "state": "Amused",
          "options": [
            {
              "optionText": "Next",
              "link": -1,
              "affectionBonus": 0
            }
          ]
        },
        {
          "id": 3,
          "text": "Well, I've certainly lost my appetite with that statement.",
          "state": "Mad",
          "options": [
            {
              "optionText": "Next",
              "link": -1,
              "affectionBonus": 0
            }
          ]
        }
      ]
    },
    {
      "dialogue": [
        {
          "id": 0,
          "text": "Hey, don’t you have other things to do other than watch me? It's kinda creeping me out.",
          "state": "Default",
          "options": [
            {
              "optionText": "Let me spot you on your next few reps",
              "link": 1,
              "affectionBonus": 10
            },
            {
              "optionText": "I mean, not really",
              "link": 2,
              "affectionBonus": -5
            },
            {
              "optionText": "I'm just enjoying the view...",
              "link": 3,
              "affectionBonus": -5
            }
          ]
        },
        {
          "id": 1,
          "text": "That's... actually not a bad idea! Get over here and help me!",
          "state": "Happy",
          "options": [
            {
              "optionText": "Next",
              "link": -1,
              "affectionBonus": 0
            }
          ]
        },
        {
          "id": 2,
          "text": "Wow really? Get a life, will ya?",
          "state": "Default",
          "options": [
            {
              "optionText": "Next",
              "link": -1,
              "affectionBonus": 0
            }
          ]
        },
        {
          "id": 3,
          "text": "Ok. Creep levels off the chart. Please stop.",
          "state": "Mad",
          "options": [
            {
              "optionText": "Next",
              "link": -1,
              "affectionBonus": 0
            }
          ]
        }
      ]
    },
    {
      "dialogue": [
        {
          "id": 0,
          "text": "Ok, random question. How’s Aphrodite been?",
          "state": "Default",
          "options": [
            {
              "optionText": "She's as popular as ever!",
              "link": 1,
              "affectionBonus": 10
            },
            {
              "optionText": "She's doing okay",
              "link": 2,
              "affectionBonus": 5
            },
            {
              "optionText": "Dunno. I don't really care about her",
              "link": 3,
              "affectionBonus": -5
            }
          ]
        },
        {
          "id": 1,
          "text": "That's good. I mean, it's not like I care or anything.",
          "state": "Amused",
          "options": [
            {
              "optionText": "Next",
              "link": -1,
              "affectionBonus": 0
            }
          ]
        },
        {
          "id": 2,
          "text": "Mmm that's good to hear.",
          "state": "Default",
          "options": [
            {
              "optionText": "Next",
              "link": -1,
              "affectionBonus": 0
            }
          ]
        },
        {
          "id": 3,
          "text": "Hey what the heck?! No need to be rude about it.",
          "state": "Mad",
          "options": [
            {
              "optionText": "Next",
              "link": -1,
              "affectionBonus": 0
            }
          ]
        }
      ]
    },
    {
      "dialogue": [
        {
          "id": 0,
          "text": "Hermes keeps trying to get me into online gaming. Hey, what do you think would be a good username for me?",
          "state": "Default",
          "options": [
            {
              "optionText": "Fluffy",
              "link": 1,
              "affectionBonus": -5
            },
            {
              "optionText": "Deathranger 3000",
              "link": 2,
              "affectionBonus": 10
            }
          ]
        },
        {
          "id": 1,
          "text": "What am I, a unicorn-loving child?",
          "state": "Mad",
          "options": [
            {
              "optionText": "Next",
              "link": -1,
              "affectionBonus": 0
            }
          ]
        },
        {
          "id": 2,
          "text": "Ooo, that makes me sound DANGEROUS. Love it!",
          "state": "Amused",
          "options": [
            {
              "optionText": "Next",
              "link": -1,
              "affectionBonus": 0
            }
          ]
        }
      ]
    },
    {
      "dialogue": [
        {
          "id": 0,
          "text": "I got this mysterious e-mail invite for a free membership to a gym... is this legit?",
          "state": "Default",
          "options": [
            {
              "optionText": "Go for it!",
              "link": 1,
              "affectionBonus": -5
            },
            {
              "optionText": "Don't do it!",
              "link": 2,
              "affectionBonus": 10
            }
          ]
        },
        {
          "id": 1,
          "text": "It says 'Ha ha I just stole your social security number'. What does that mean?! That's bad... right?!",
          "state": "Surprised",
          "options": [
            {
              "optionText": "Next",
              "link": -1,
              "affectionBonus": 0
            }
          ]
        },
        {
          "id": 2,
          "text": "Good call! It's not like I need another gym membership anyways.",
          "state": "Amused",
          "options": [
            {
              "optionText": "Next",
              "link": -1,
              "affectionBonus": 0
            }
          ]
        }
      ]
    },
    {
      "dialogue": [
        {
          "id": 0,
          "text": "There’s this custom ring I want to order, but not sure which gem to put on it. Any ideas?",
          "state": "Default",
          "options": [
            {
              "optionText": "Emerald for sure",
              "link": 1,
              "affectionBonus": -5
            },
            {
              "optionText": "Diamond. Always diamonds.",
              "link": 2,
              "affectionBonus": -10
            },
            {
              "optionText": "How about Red Coral?",
              "link": 3,
              "affectionBonus": 10
            }
          ]
        },
        {
          "id": 1,
          "text": "Don't emeralds just scream 'pretentious' though? Not what I'm going for.",
          "state": "Default",
          "options": [
            {
              "optionText": "Next",
              "link": -1,
              "affectionBonus": 0
            }
          ]
        },
        {
          "id": 2,
          "text": "Diamonds? I'm not getting married here!",
          "state": "Surprised",
          "options": [
            {
              "optionText": "Next",
              "link": -1,
              "affectionBonus": 0
            }
          ]
        },
        {
          "id": 3,
          "text": "To match my eyes, you say? You have pretty good taste!",
          "state": "Happy",
          "options": [
            {
              "optionText": "Next",
              "link": -1,
              "affectionBonus": 0
            }
          ]
        }
      ]
    },
    {
      "dialogue": [
        {
          "id": 0,
          "text": "I feel so tired these days... what would you do if you were me?",
          "state": "Default",
          "options": [
            {
              "optionText": "Stop binging Netflix shows",
              "link": 1,
              "affectionBonus": 0
            },
            {
              "optionText": "Take a break from gym",
              "link": 2,
              "affectionBonus": 0
            },
            {
              "optionText": "Eat healthier food!",
              "link": 3,
              "affectionBonus": 0
            }
          ]
        },
        {
          "id": 1,
          "text": "But I’m so busy that’s the only time I can watch anything",
          "state": "Default",
          "options": [
            {
              "optionText": "In that case, just take a personal day",
              "link": 4,
              "affectionBonus": 5
            },
            {
              "optionText": "You must be bad at time management",
              "link": 5,
              "affectionBonus": -5
            }
          ]
        },
        {
          "id": 2,
          "text": "What?? That’s blasphemy, I’ll lose my gains AND my followers",
          "state": "Default",
          "options": [
            {
              "optionText": "Hey, it's up to you in the end",
              "link": 4,
              "affectionBonus": 5
            },
            {
              "optionText": "So you’d rather be sleep-deprived??",
              "link": 5,
              "affectionBonus": -5
            }
          ]
        },
        {
          "id": 3,
          "text": "I’m trying my best... but it’s hard to control!",
          "state": "Default",
          "options": [
            {
              "optionText": "It’s okay, I believe in you!",
              "link": 4,
              "affectionBonus": 5
            },
            {
              "optionText": "Well, try harder!",
              "link": 5,
              "affectionBonus": -5
            }
          ]
        },
        {
          "id": 4,
          "text": "You're pretty good at advice! Alright, I'll let you know how things go.",
          "state": "Amused",
          "options": [
            {
              "optionText": "Next",
              "link": -1,
              "affectionBonus": 0
            }
          ]
        },
        {
          "id": 5,
          "text": "Gods, I asked for advice, not a roast session!",
          "state": "Mad",
          "options": [
            {
              "optionText": "Next",
              "link": -1,
              "affectionBonus": 0
            }
          ]
        }
      ]
    },
    {
      "dialogue": [
        {
          "id": 0,
          "text": "Weird question - do you believe in love at first sight?",
          "state": "Default",
          "options": [
            {
              "optionText": "Yes, I’ve felt it before",
              "link": 1,
              "affectionBonus": 0
            },
            {
              "optionText": "No such thing really exists",
              "link": 2,
              "affectionBonus": 0
            }
          ]
        },
        {
          "id": 1,
          "text": "Huh, really? When was that?",
          "state": "Surprised",
          "options": [
            {
              "optionText": "First happened in high school",
              "link": 3,
              "affectionBonus": -5
            },
            {
              "optionText": "It happened when I met you",
              "link": 4,
              "affectionBonus": 10
            }
          ]
        },
        {
          "id": 2,
          "text": "Hm, are you sure about it?",
          "state": "Default",
          "options": [
            {
              "optionText": "100% sure about it",
              "link": 3,
              "affectionBonus": -5
            },
            {
              "optionText": "I don’t know... want to change my mind?",
              "link": 4,
              "affectionBonus": 5
            }
          ]
        },
        {
          "id": 3,
          "text": "Oh. That's... great to hear.",
          "state": "Default",
          "options": [
            {
              "optionText": "Next",
              "link": -1,
              "affectionBonus": 0
            }
          ]
        },
        {
          "id": 4,
          "text": "Well, that's... good to hear. I was, um, just asking for a friend.",
          "state": "Happy",
          "options": [
            {
              "optionText": "Next",
              "link": -1,
              "affectionBonus": 0
            }
          ]
        }
      ]
    },
    {
      "dialogue": [
        {
          "id": 0,
          "text": "Hm, you've got something to ask me?",
          "state": "Default",
          "options": [
            {
              "optionText": "What's your favorite season?",
              "link": 1,
              "affectionBonus": 0
            },
            {
              "optionText": "What's your favorite gym activity?",
              "link": 4,
              "affectionBonus": 0
            },
            {
              "optionText": "Which superpower would you want?",
              "link": 8,
              "affectionBonus": 0
            }
          ]
        },
        {
          "id": 1,
          "text": "Hm, my favorite season is definitely spring. It’s perfect for sports outside! You?",
          "state": "Amused",
          "options": [
            {
              "optionText": "Winter",
              "link": 2,
              "affectionBonus": -5
            },
            {
              "optionText": "Summer",
              "link": 3,
              "affectionBonus": 5
            }
          ]
        },
        {
          "id": 2,
          "text": "Winter is DEFINITELY my least favorite - it's always wayyyy too cold",
          "state": "Default",
          "options": [
            {
              "optionText": "Next",
              "link": -1,
              "affectionBonus": 0
            }
          ]
        },
        {
          "id": 3,
          "text": "Ooo yes, summer is definitely a close second! Kinda hot, but I can deal.",
          "state": "Amused",
          "options": [
            {
              "optionText": "Next",
              "link": -1,
              "affectionBonus": 0
            }
          ]
        },
        {
          "id": 4,
          "text": "I like lifting, and challenging myself with even HEAVIER weights. What do you do at the gym?",
          "state": "Amused",
          "options": [
            {
              "optionText": "Run on the treadmill",
              "link": 5,
              "affectionBonus": 10
            },
            {
              "optionText": "Take selfies in the mirror",
              "link": 6,
              "affectionBonus": -5
            },
            {
              "optionText": "Yoga and stretches",
              "link": 7,
              "affectionBonus": 5
            }
          ]
        },
        {
          "id": 5,
          "text": "Nice! Treadmills really help with stamina. Hey, let's go for a run now!",
          "state": "Happy",
          "options": [
            {
              "optionText": "Next",
              "link": -1,
              "affectionBonus": 0
            }
          ]
        },
        {
          "id": 6,
          "text": "Uh, to be perfectly honest, that’s kind of cringe bro",
          "state": "Default",
          "options": [
            {
              "optionText": "Next",
              "link": -1,
              "affectionBonus": 0
            }
          ]
        },
        {
          "id": 7,
          "text": "Cool! Not my thing though. Artemis keeps trying to get me into it - you should talk to her about it!",
          "state": "Amused",
          "options": [
            {
              "optionText": "Next",
              "link": -1,
              "affectionBonus": 0
            }
          ]
        },
        {
          "id": 8,
          "text": "I wanna have the ability to jump as high as skyscrapers! What about you?",
          "state": "Amused",
          "options": [
            {
              "optionText": "Invisibility",
              "link": 9,
              "affectionBonus": 10
            },
            {
              "optionText": "Superhuman strength",
              "link": 10,
              "affectionBonus": 10
            },
            {
              "optionText": "Mind control",
              "link": 11,
              "affectionBonus": 5
            }
          ]
        },
        {
          "id": 9,
          "text": "Invisibility sounds creepy though... I wouldn't want people creeping around!",
          "state": "Default",
          "options": [
            {
              "optionText": "Next",
              "link": -1,
              "affectionBonus": 0
            }
          ]
        },
        {
          "id": 10,
          "text": "We’d be like a dynamic duo!",
          "state": "Happy",
          "options": [
            {
              "optionText": "Next",
              "link": -1,
              "affectionBonus": 0
            }
          ]
        },
        {
          "id": 11,
          "text": "Sounds like a dangerous power, but still cool!",
          "state": "Amused",
          "options": [
            {
              "optionText": "Next",
              "link": -1,
              "affectionBonus": 0
            }
          ]
        }
      ]
    }
  ],
  "greetDialogue": [
    {
      "dialogue": [
        {
          "id": 0,
          "text": "Oh, you’re back. Didn’t notice you leaving.",
          "state": "Default",
          "options": [
            {
              "optionText": "Next",
              "link": -1,
              "affectionBonus": 0
            }
          ]
        }
      ]
    }
  ],
  "dateDialogue": [
    {
      "dialogue": [
        {
          "id": 0,
          "text": "A date? ...I guess I could take a break. Don't get the wrong idea or anything, 'kay?",
          "state": "Default",
          "options": [
            {
              "optionText": "Next",
              "link": -1,
              "affectionBonus": 0
            }
          ]
        }
      ]
    }
  ],
  "failDateDialogue": [
    {
      "dialogue": [
        {
          "id": 0,
          "text": "Did you really think you were good enough? Keep dreaming.",
          "state": "Default",
          "options": [
            {
              "optionText": "Next",
              "link": -1,
              "affectionBonus": 0
            }
          ]
        }
      ]
    },
    {
      "dialogue": [
        {
          "id": 0,
          "text": "Ugh, I feel way too embarrassed to even stand near you! Let’s not go out again.",
          "state": "Mad",
          "options": [
            {
              "optionText": "Next",
              "link": -1,
              "affectionBonus": 0
            }
          ]
        }
      ]
    },
    {
      "dialogue": [
        {
          "id": 0,
          "text": "That wasn’t fun at all, I’d rather go out with a 100 year old turtle",
          "state": "Default",
          "options": [
            {
              "optionText": "Next",
              "link": -1,
              "affectionBonus": 0
            }
          ]
        }
      ]
    }
  ],
  "postDialogue": [
    {
      "dialogue": [
        {
          "id": 0,
          "text": "Instagram? I guess I should show my followers my gains.",
          "state": "Default",
          "options": [
            {
              "optionText": "Next",
              "link": -1,
              "affectionBonus": 0
            }
          ]
        }
      ]
    }
  ],
  "badPostDialogue": [
    {
      "dialogue": [
        {
          "id": 0,
          "text": "What?! My followers are not interested in that kind of stuff!",
          "state": "Default",
          "options": [
            {
              "optionText": "Next",
              "link": -1,
              "affectionBonus": 0
            }
          ]
        }
      ]
    }
  ],
  "okPostDialogue": [
    {
      "dialogue": [
        {
          "id": 0,
          "text": "I guess that works.",
          "state": "Default",
          "options": [
            {
              "optionText": "Next",
              "link": -1,
              "affectionBonus": 0
            }
          ]
        }
      ]
    }
  ],
  "goodPostDialogue": [
    {
      "dialogue": [
        {
          "id": 0,
          "text": "Hey hey heyyy not half-bad! Keep it up champ!",
          "state": "Amused",
          "options": [
            {
              "optionText": "Next",
              "link": -1,
              "affectionBonus": 0
            }
          ]
        }
      ]
    }
  ],
  "insufficientAffectionDialogue": [
    {
      "dialogue": [
        {
          "id": 0,
          "text": "Um... sorry, I think we need to talk more before you can ask me out.",
          "state": "Default",
          "options": [
            {
              "optionText": "Next",
              "link": -1,
              "affectionBonus": 0
            }
          ]
        }
      ]
    }
  ],
  "insufficientFollowersDialogue": [
    {
      "dialogue": [
        {
          "id": 0,
          "text": "I don't know man, I feel like I need way more followers. You sure you're not slacking?",
          "state": "Default",
          "options": [
            {
              "optionText": "Next",
              "link": -1,
              "affectionBonus": 0
            }
          ]
        }
      ]
    }
  ],
  "hatedDialogue": [
    {
      "dialogue": [
        {
          "id": 0,
          "text": "I feel like we really don't vibe. Please don't talk to me.",
          "state": "Default",
          "options": [
            {
              "optionText": "Next",
              "link": -1,
              "affectionBonus": 0
            }
          ]
        }
      ]
    }
  ]
}
